{
  "dataset_rename": {
    "precision": 0.0,
    "recall": 0.0,
    "f1-score": 0.0,
    "support": 4,
    "confused_with": {
      "experiments": 1
    }
  },
  "file_format": {
    "precision": 1.0,
    "recall": 0.6666666666666666,
    "f1-score": 0.8,
    "support": 9,
    "confused_with": {
      "tissue": 1,
      "target": 1
    }
  },
  "disease": {
    "precision": 0.9754385964912281,
    "recall": 0.9531428571428572,
    "f1-score": 0.9641618497109827,
    "support": 2625,
    "confused_with": {
      "tissue": 23
    }
  },
  "data_type": {
    "precision": 0.9102990033222591,
    "recall": 0.9647887323943662,
    "f1-score": 0.9367521367521368,
    "support": 284,
    "confused_with": {
      "technique": 2
    }
  },
  "region": {
    "precision": 0.9130434782608695,
    "recall": 0.6,
    "f1-score": 0.7241379310344828,
    "support": 35,
    "confused_with": {
      "target": 2
    }
  },
  "target": {
    "precision": 0.9783092324805339,
    "recall": 0.9865395401009535,
    "f1-score": 0.9824071488411058,
    "support": 1783,
    "confused_with": {
      "content_type": 4
    }
  },
  "field": {
    "precision": 0.9769357495881383,
    "recall": 0.9905345211581291,
    "f1-score": 0.9836881393419961,
    "support": 1796,
    "confused_with": {
      "tissue": 5
    }
  },
  "technique": {
    "precision": 0.9642857142857143,
    "recall": 0.9310344827586207,
    "f1-score": 0.9473684210526316,
    "support": 58,
    "confused_with": {
      "tissue": 1
    }
  },
  "content_type": {
    "precision": 0.9411764705882353,
    "recall": 0.7963800904977375,
    "f1-score": 0.8627450980392156,
    "support": 221,
    "confused_with": {
      "disease": 15
    }
  },
  "source": {
    "precision": 0.9611650485436893,
    "recall": 1.0,
    "f1-score": 0.9801980198019802,
    "support": 99,
    "confused_with": {}
  },
  "tissue": {
    "precision": 0.9548532731376975,
    "recall": 0.94,
    "f1-score": 0.9473684210526316,
    "support": 1800,
    "confused_with": {
      "disease": 19
    }
  },
  "assembly": {
    "precision": 0.9888888888888889,
    "recall": 1.0,
    "f1-score": 0.9944134078212291,
    "support": 89,
    "confused_with": {}
  },
  "experiments": {
    "precision": 0.6923076923076923,
    "recall": 0.75,
    "f1-score": 0.7199999999999999,
    "support": 24,
    "confused_with": {}
  },
  "dataset_name": {
    "precision": 1.0,
    "recall": 0.9696969696969697,
    "f1-score": 0.9846153846153847,
    "support": 33,
    "confused_with": {
      "content_type": 1
    }
  },
  "annotations": {
    "precision": 0.0,
    "recall": 0.0,
    "f1-score": 0.0,
    "support": 6,
    "confused_with": {}
  },
  "affirm": {
    "precision": 0.0,
    "recall": 0.0,
    "f1-score": 0.0,
    "support": 1,
    "confused_with": {}
  },
  "is_healthy": {
    "precision": 0.8571428571428571,
    "recall": 0.75,
    "f1-score": 0.7999999999999999,
    "support": 56,
    "confused_with": {
      "field": 2
    }
  },
  "biosample_type": {
    "precision": 0.8695652173913043,
    "recall": 0.8695652173913043,
    "f1-score": 0.8695652173913043,
    "support": 23,
    "confused_with": {
      "cell": 1
    }
  },
  "cell": {
    "precision": 0.9939077458659704,
    "recall": 0.9870354364736387,
    "f1-score": 0.9904596704249783,
    "support": 1157,
    "confused_with": {
      "field": 4
    }
  },
  "feature": {
    "precision": 0.9595959595959596,
    "recall": 0.9223300970873787,
    "f1-score": 0.9405940594059405,
    "support": 103,
    "confused_with": {
      "data_type": 4,
      "tissue": 2
    }
  },
  "micro avg": {
    "precision": 0.9695290858725761,
    "recall": 0.9602194787379973,
    "f1-score": 0.9648518263266713,
    "support": 10206
  },
  "macro avg": {
    "precision": 0.796845746394552,
    "recall": 0.7538857305684311,
    "f1-score": 0.7714237452643001,
    "support": 10206
  },
  "weighted avg": {
    "precision": 0.9691500751184865,
    "recall": 0.9602194787379973,
    "f1-score": 0.964303160816071,
    "support": 10206
  }
}